Fameli1,Fameli2,Dey,Shabandar,Hakeshti,Saamera,Faspa
923320087,100000000,161246543,268192665,77646643,107248570,57796198
0.02,0.02,0.01234,0.03456543,0.042625244,0.03242,0.03443
0.02,0.02,0.032,0.045,0.0166636,0.042525,0.042424
0.03,0.02,0.04352,0.3458765,0.05,0.042424,0.0423552
0.043,0.02,0.03662,0.02625442,0.0232424,0.0353,0.03425
0.023,0.02,0.04355524,0.0525255,0.04224455,0.02244,0.0266662
